{
  "precision_at_10": 0.05817597146950102,
  "recall_at_10": 0.053864731418576756,
  "ndcg_at_10": 0.07346199082314249,
  "map_at_10": 0.030748786004888264,
  "num_users_evaluated": 199646,
  "num_interactions_evaluated": 2657430,
  "top_k": 10
}