{
  "precision_at_10": 0.056305160133436186,
  "recall_at_10": 0.05247806675530884,
  "ndcg_at_10": 0.07099873592533933,
  "map_at_10": 0.029666116133770428,
  "num_users_evaluated": 199646,
  "num_interactions_evaluated": 2657430,
  "top_k": 10
}