{
  "precision_at_10": 0.05826062129970047,
  "recall_at_10": 0.05484873874080999,
  "ndcg_at_10": 0.07371072154484969,
  "map_at_10": 0.031019681024314523,
  "num_users_evaluated": 199646,
  "num_interactions_evaluated": 2657430,
  "top_k": 10
}