{
  "precision_at_10": 0.0585666629934985,
  "recall_at_10": 0.05429625792076248,
  "ndcg_at_10": 0.07424869023936204,
  "map_at_10": 0.031310986742357855,
  "num_users_evaluated": 199646,
  "num_interactions_evaluated": 2657430,
  "top_k": 10
}